name,issn,licence
Acta Amazonica,00445967,http://creativecommons.org/licenses/by-nc/3.0/legalcode
Acta Botanica Brasilica,01023306,http://creativecommons.org/licenses/by-nc/3.0/legalcode
Acta Cirurgica Brasileira,01028650,http://creativecommons.org/licenses/by-nc/3.0/legalcode
Acta Linguistica,13132296,http://creativecommons.org/licenses/by-nc/3.0/legalcode
Acta Medica Iranica,00446025,http://creativecommons.org/licenses/by-nc/3.0/legalcode
Acta Ortopédica Brasileira,14137852,http://creativecommons.org/licenses/by-nc/3.0/legalcode
Acta Paulista de Enfermagem,01032100,http://creativecommons.org/licenses/by-nc/3.0/legalcode
Acta Scientiarum : Agronomy,16799275,http://creativecommons.org/licenses/by-nc/3.0/legalcode
Acta Scientiarum : Animal Sciences,18062636,http://creativecommons.org/licenses/by-nc/3.0/legalcode
Acta Scientiarum : Biological Sciences,16799283,http://creativecommons.org/licenses/by-nc/3.0/legalcode
Acta Scientiarum : Education,21785198,http://creativecommons.org/licenses/by-nc/3.0/legalcode
Acta Scientiarum : Health Sciences,16799291,http://creativecommons.org/licenses/by-nc/3.0/legalcode
Acta Scientiarum : Human and Social Sciences,16797361,http://creativecommons.org/licenses/by-nc/3.0/legalcode
Acta Scientiarum : Language and Culture,19834675,http://creativecommons.org/licenses/by-nc/3.0/legalcode
Acta Scientiarum : Technology,18078664,http://creativecommons.org/licenses/by-nc/3.0/legalcode
Advances in Electrical and Computer Engineering,15827445,http://creativecommons.org/licenses/by-nc/3.0/legalcode
Advances in Natural Science,17157862,http://creativecommons.org/licenses/by-nc/3.0/legalcode
Advances in Petroleum Exploration and Development,1925542X,http://creativecommons.org/licenses/by-nc/3.0/legalcode
Ageing Research ,20367384,http://creativecommons.org/licenses/by-nc/3.0/legalcode
Al Ameen Journal of Medical Sciences ,09741143,http://creativecommons.org/licenses/by-nc/3.0/legalcode
Al-Qantara : Revista de Estudios Arabes,02113589,http://creativecommons.org/licenses/by-nc/3.0/legalcode
Alea : Estudos Neolatinos,1517106X,http://creativecommons.org/licenses/by-nc/3.0/legalcode
Alternative Medicine Studies,20389477,http://creativecommons.org/licenses/by-nc/3.0/legalcode
Ambiente &amp; Sociedade,1414753X,http://creativecommons.org/licenses/by-nc/3.0/legalcode
American Journal of Cancer Research,21566976,http://creativecommons.org/licenses/by-nc/3.0/legalcode
American Journal of Cardiovascular Disease,2160200X,http://creativecommons.org/licenses/by-nc/3.0/legalcode
Anais Brasileiros de Dermatologia,03650596,http://creativecommons.org/licenses/by-nc/3.0/legalcode
Anais da Academia Brasileira de Ciencias.,00013765,http://creativecommons.org/licenses/by-nc/3.0/legalcode
Anales del Jardín Botánico de Madrid,02111322,http://creativecommons.org/licenses/by-nc/3.0/legalcode
Animal Biodiversity and Conservation,1578665X,http://creativecommons.org/licenses/by-nc/3.0/legalcode
Annals of Innovation &amp; Entrepreneurship,20007396,http://creativecommons.org/licenses/by-nc/3.0/legalcode
Anthropologist,09720073,http://creativecommons.org/licenses/by-nc/3.0/legalcode
Anuario de Estudios Americanos,02105810,http://creativecommons.org/licenses/by-nc/3.0/legalcode
Anuario de Estudios Medievales,00665061,http://creativecommons.org/licenses/by-nc/3.0/legalcode
Anuario Musical,02113538,http://creativecommons.org/licenses/by-nc/3.0/legalcode
AoB Plants,20412851,http://creativecommons.org/licenses/by-nc/3.0/legalcode
"Arbor : Ciencia, Pensamiento y Cultura",02101963,http://creativecommons.org/licenses/by-nc/3.0/legalcode
Arbutus Review,19231334,http://creativecommons.org/licenses/by-nc/3.0/legalcode
Archaeobios,19965214,http://creativecommons.org/licenses/by-nc/3.0/legalcode
Archivo Español de Arte,00040428,http://creativecommons.org/licenses/by-nc/3.0/legalcode
Argumentos : Revista de Crítica Social,16668979,http://creativecommons.org/licenses/by-nc/3.0/legalcode
Arqueología de la Arquitectura,16952731,http://creativecommons.org/licenses/by-nc/3.0/legalcode
Arquivo Brasileiro de Medicina Veterinária e Zootecnia,01020935,http://creativecommons.org/licenses/by-nc/3.0/legalcode
Arquivos Brasileiros de Cardiologia,0066782X,http://creativecommons.org/licenses/by-nc/3.0/legalcode
Arquivos brasileiros de Endocrinologia e Metabologia,00042730,http://creativecommons.org/licenses/by-nc/3.0/legalcode
Arquivos Brasileiros de Oftalmologia,00042749,http://creativecommons.org/licenses/by-nc/3.0/legalcode
Arquivos de Gastroenterologia,00042803,http://creativecommons.org/licenses/by-nc/3.0/legalcode
Arquivos de Neuro-Psiquiatria,0004282X,http://creativecommons.org/licenses/by-nc/3.0/legalcode
Arxius de Miscel-lània Zoològica,16980476,http://creativecommons.org/licenses/by-nc/3.0/legalcode
Asclepio : Revista de Historia de la Medicina y de la Ciencia,02104466,http://creativecommons.org/licenses/by-nc/3.0/legalcode
Asian Journal of Pharmacy and Life Science,22314423,http://creativecommons.org/licenses/by-nc/3.0/legalcode
Asian journal of Sports Medicine,2008000X,http://creativecommons.org/licenses/by-nc/3.0/legalcode
Audiology,17351936,http://creativecommons.org/licenses/by-nc/3.0/legalcode
Audiology Research,20394330,http://creativecommons.org/licenses/by-nc/3.0/legalcode
Avaliação : Revista da Avaliação da Educação Superior,14144077,http://creativecommons.org/licenses/by-nc/3.0/legalcode
Bartin Orman Fakultesi Dergisi,13020943,http://creativecommons.org/licenses/by-nc/3.0/legalcode
Basic and Clinical Neuroscience,2008126X,http://creativecommons.org/licenses/by-nc/3.0/legalcode
Bioscience Horizons,17547431,http://creativecommons.org/licenses/by-nc/3.0/legalcode
BMJ Open,20446055,http://creativecommons.org/licenses/by-nc/3.0/legalcode
Boletim do Museu Paraense Emílio Goeldi : Ciências Humanas,19818122,http://creativecommons.org/licenses/by-nc/3.0/legalcode
Boletim do Museu Paraense Emílio Goeldi : Ciências Naturais,19818114,http://creativecommons.org/licenses/by-nc/3.0/legalcode
Boletim Goiano de Geografia,0101708X,http://creativecommons.org/licenses/by-nc/3.0/legalcode
Boletín de la Sociedad Española de Cerámica y Vidrio,03663175,http://creativecommons.org/licenses/by-nc/3.0/legalcode
Boletín de Pediatría,02142597,http://creativecommons.org/licenses/by-nc/3.0/legalcode
Bragantia,00068705,http://creativecommons.org/licenses/by-nc/3.0/legalcode
Brain and Behavior,21623279,http://creativecommons.org/licenses/by-nc/3.0/legalcode
Brain. Broad Research in Artificial Intelligence and Neuroscience,20673957,http://creativecommons.org/licenses/by-nc/3.0/legalcode
Brazilian Archives of Biology and Technology,15168913,http://creativecommons.org/licenses/by-nc/3.0/legalcode
Brazilian Journal of Biology,15196984,http://creativecommons.org/licenses/by-nc/3.0/legalcode
Brazilian Journal of Chemical Engineering,01046632,http://creativecommons.org/licenses/by-nc/3.0/legalcode
Brazilian Journal of Medical and Biological Research,0100879X,http://creativecommons.org/licenses/by-nc/3.0/legalcode
Brazilian Journal of Microbiology,15178382,http://creativecommons.org/licenses/by-nc/3.0/legalcode
Brazilian Journal of Oceanography ,16798759,http://creativecommons.org/licenses/by-nc/3.0/legalcode
Brazilian Journal of Otorhinolaryngology ,18088694,http://creativecommons.org/licenses/by-nc/3.0/legalcode
Brazilian Journal of Pharmaceutical Sciences,19848250,http://creativecommons.org/licenses/by-nc/3.0/legalcode
Brazilian Journal of Plant Physiology,16770420,http://creativecommons.org/licenses/by-nc/3.0/legalcode
Brazilian Oral Research,18068324,http://creativecommons.org/licenses/by-nc/3.0/legalcode
Caderno CRH,01034979,http://creativecommons.org/licenses/by-nc/3.0/legalcode
Cadernos Cedes,01013262,http://creativecommons.org/licenses/by-nc/3.0/legalcode
Cadernos de Pesquisa,01001574,http://creativecommons.org/licenses/by-nc/3.0/legalcode
Cadernos de Saúde Pública,0102311X,http://creativecommons.org/licenses/by-nc/3.0/legalcode
Cadernos EBAPE.BR ,16793951,http://creativecommons.org/licenses/by-nc/3.0/legalcode
Cadernos Pagu,01048333,http://creativecommons.org/licenses/by-nc/3.0/legalcode
Canadian Social Science,17128056,http://creativecommons.org/licenses/by-nc/3.0/legalcode
Cardiogenetics,20358253,http://creativecommons.org/licenses/by-nc/3.0/legalcode
Cerâmica,03666913,http://creativecommons.org/licenses/by-nc/3.0/legalcode
Check List,1809127X,http://creativecommons.org/licenses/by-nc/3.0/legalcode
Chest Disease Reports,20394764,http://creativecommons.org/licenses/by-nc/3.0/legalcode
Chilean Journal of Statistics,07187912,http://creativecommons.org/licenses/by-nc/3.0/legalcode
Ciência &amp; Educação,15167313,http://creativecommons.org/licenses/by-nc/3.0/legalcode
Ciência &amp; Saúde Coletiva,14138123,http://creativecommons.org/licenses/by-nc/3.0/legalcode
Ciência e Tecnologia de Alimentos,01012061,http://creativecommons.org/licenses/by-nc/3.0/legalcode
Ciência Rural,01038478,http://creativecommons.org/licenses/by-nc/3.0/legalcode
Ciencias de la Información ,08644659,http://creativecommons.org/licenses/by-nc/3.0/legalcode
CLCWeb : Comparative Literature and Culture,14814374,http://creativecommons.org/licenses/by-nc/3.0/legalcode
Clinical and Experimental Otorhinolaryngology,19768710,http://creativecommons.org/licenses/by-nc/3.0/legalcode
Clinics,18075932,http://creativecommons.org/licenses/by-nc/3.0/legalcode
Clinics and Practice,20397275,http://creativecommons.org/licenses/by-nc/3.0/legalcode
CME,20785143,http://creativecommons.org/licenses/by-nc/3.0/legalcode
Collectanea Botanica,00100730,http://creativecommons.org/licenses/by-nc/3.0/legalcode
Coluna/Columna ,18081851,http://creativecommons.org/licenses/by-nc/3.0/legalcode
Computational and Applied Mathematics,22383603,http://creativecommons.org/licenses/by-nc/3.0/legalcode
Computer Science &amp; Information Technology,22315403,http://creativecommons.org/licenses/by-nc/3.0/legalcode
Computer Science Master Research,22475575,http://creativecommons.org/licenses/by-nc/3.0/legalcode
Contexto Internacional,01028529,http://creativecommons.org/licenses/by-nc/3.0/legalcode
Corpus : Archivos Virtuales de la Alteridad Americana,18538037,http://creativecommons.org/licenses/by-nc/3.0/legalcode
Cross-Cultural Communication,17128358,http://creativecommons.org/licenses/by-nc/3.0/legalcode
Cuadernos de Estudios Gallegos,0210847X,http://creativecommons.org/licenses/by-nc/3.0/legalcode
Culture Unbound : Journal of Current Cultural Research,20001525,http://creativecommons.org/licenses/by-nc/3.0/legalcode
Cypriot Journal of Educational Sciences ,13059076,http://creativecommons.org/licenses/by-nc/3.0/legalcode
Dados : Revista de Ciências Sociais,00115258,http://creativecommons.org/licenses/by-nc/3.0/legalcode
"Danza e Ricerca : Laboratorio di Studi, Scritture, Visioni",20361599,http://creativecommons.org/licenses/by-nc/3.0/legalcode
DARU : Journal of Pharmaceutical Sciences,15608115,http://creativecommons.org/licenses/by-nc/3.0/legalcode
Database : the Journal of Biological Databases and Curation,17580463,http://creativecommons.org/licenses/by-nc/3.0/legalcode
DELTA : Documentação de Estudos em Lingüística Teórica e Aplicada,01024450,http://creativecommons.org/licenses/by-nc/3.0/legalcode
Dental Press Journal of Orthodontics ,21769451,http://creativecommons.org/licenses/by-nc/3.0/legalcode
Dermatology and Cosmetic,20087470,http://creativecommons.org/licenses/by-nc/3.0/legalcode
Dermatology Reports,20367392,http://creativecommons.org/licenses/by-nc/3.0/legalcode
Diabetes Therapy,18696953,http://creativecommons.org/licenses/by-nc/3.0/legalcode
DILEMATA : Revista Internacional de Éticas Aplicadas,19897022,http://creativecommons.org/licenses/by-nc/3.0/legalcode
DISEGNARECON,18285961,http://creativecommons.org/licenses/by-nc/3.0/legalcode
DNA Research,13402838,http://creativecommons.org/licenses/by-nc/3.0/legalcode
Drug Invention Today,09757619,http://creativecommons.org/licenses/by-nc/3.0/legalcode
Drugs and Therapy Studies,20389493,http://creativecommons.org/licenses/by-nc/3.0/legalcode
Ecology and Evolution,20457758,http://creativecommons.org/licenses/by-nc/3.0/legalcode
Economia Aplicada,14138050,http://creativecommons.org/licenses/by-nc/3.0/legalcode
Economia e Sociedade,01040618,http://creativecommons.org/licenses/by-nc/3.0/legalcode
Educação &amp; Sociedade,01017330,http://creativecommons.org/licenses/by-nc/3.0/legalcode
Educação e Pesquisa,15179702,http://creativecommons.org/licenses/by-nc/3.0/legalcode
Educação em Revista,01024698,http://creativecommons.org/licenses/by-nc/3.0/legalcode
Educar em Revista,01044060,http://creativecommons.org/licenses/by-nc/3.0/legalcode
Electronic Journal of Differential Equations,10726691,http://creativecommons.org/licenses/by-nc/3.0/legalcode
Electronic Journal of Social Sciences,13040278,http://creativecommons.org/licenses/by-nc/3.0/legalcode
Endocrinology Studies,20389515,http://creativecommons.org/licenses/by-nc/3.0/legalcode
Energy Science and Technology,19238460,http://creativecommons.org/licenses/by-nc/3.0/legalcode
eNeurobiologia,20073054,http://creativecommons.org/licenses/by-nc/3.0/legalcode
Engenharia Agrícola,01006916,http://creativecommons.org/licenses/by-nc/3.0/legalcode
Ensaio,01044036,http://creativecommons.org/licenses/by-nc/3.0/legalcode
Escola Anna Nery ,14148145,http://creativecommons.org/licenses/by-nc/3.0/legalcode
Estonian Journal of Earth Sciences,17364728,http://creativecommons.org/licenses/by-nc/3.0/legalcode
Estudios Geográficos,00141496,http://creativecommons.org/licenses/by-nc/3.0/legalcode
Estudios Geologicos,03670449,http://creativecommons.org/licenses/by-nc/3.0/legalcode
Estudos Avançados,01034014,http://creativecommons.org/licenses/by-nc/3.0/legalcode
Estudos Econômicos,01014161,http://creativecommons.org/licenses/by-nc/3.0/legalcode
ETD : Educação Temática Digital ,16762592,http://creativecommons.org/licenses/by-nc/3.0/legalcode
Ethics &amp; Global Politics,16544951,http://creativecommons.org/licenses/by-nc/3.0/legalcode
Etnoantropoloski Problemi ,03531589,http://creativecommons.org/licenses/by-nc/3.0/legalcode
Europe's Journal of Psychology,18410413,http://creativecommons.org/licenses/by-nc/3.0/legalcode
European Journal for Research on the Education and Learning of Adults,20007426,http://creativecommons.org/licenses/by-nc/3.0/legalcode
European Journal of Histochemistry ,1121760X,http://creativecommons.org/licenses/by-nc/3.0/legalcode
European Journal of Psychotraumatology,20008066,http://creativecommons.org/licenses/by-nc/3.0/legalcode
European Transport Research Review,18670717,http://creativecommons.org/licenses/by-nc/3.0/legalcode
Eye Reports,20394748,http://creativecommons.org/licenses/by-nc/3.0/legalcode
Footprint,18751490,http://creativecommons.org/licenses/by-nc/3.0/legalcode
Free Radicals and Antioxidants,22312536,http://creativecommons.org/licenses/by-nc/3.0/legalcode
Future Studies Research Journal : Trends and Strategies,21755825,http://creativecommons.org/licenses/by-nc/3.0/legalcode
Gastroenterology Insights,20367414,http://creativecommons.org/licenses/by-nc/3.0/legalcode
Genetics and Molecular Biology,14154757,http://creativecommons.org/licenses/by-nc/3.0/legalcode
Genome Biology and Evolution,17596653,http://creativecommons.org/licenses/by-nc/3.0/legalcode
Gestão &amp; Produção,0104530X,http://creativecommons.org/licenses/by-nc/3.0/legalcode
Gladius,0436029X,http://creativecommons.org/licenses/by-nc/3.0/legalcode
Global Health Action,16549880,http://creativecommons.org/licenses/by-nc/3.0/legalcode
Graellsia,03675041,http://creativecommons.org/licenses/by-nc/3.0/legalcode
Grasas y Aceites,00173495,http://creativecommons.org/licenses/by-nc/3.0/legalcode
Güncel Pediatri,13049054,http://creativecommons.org/licenses/by-nc/3.0/legalcode
Hayat Journal of Faculty of Nursing &amp; Midwifery ,17352215,http://creativecommons.org/licenses/by-nc/3.0/legalcode
Health and Human Rights,10790969,http://creativecommons.org/licenses/by-nc/3.0/legalcode
Heart International,18261868,http://creativecommons.org/licenses/by-nc/3.0/legalcode
Hematology Reports,20388322,http://creativecommons.org/licenses/by-nc/3.0/legalcode
Hematology Reviews,19706804,http://creativecommons.org/licenses/by-nc/3.0/legalcode
Hispania Sacra : Revista de Historia Eclesiástica,0018215X,http://creativecommons.org/licenses/by-nc/3.0/legalcode
História,01019074,http://creativecommons.org/licenses/by-nc/3.0/legalcode
"História, Ciências, Saúde-Manguinhos",01045970,http://creativecommons.org/licenses/by-nc/3.0/legalcode
History Studies : International Journal of History,13094688,http://creativecommons.org/licenses/by-nc/3.0/legalcode
Horizontes Antropológicos,01047183,http://creativecommons.org/licenses/by-nc/3.0/legalcode
Horticultura Brasileira,01020536,http://creativecommons.org/licenses/by-nc/3.0/legalcode
Hygiea Internationalis : an Interdisciplinary Journal for the History of Public Health,14044013,http://creativecommons.org/licenses/by-nc/3.0/legalcode
Hystrix : the Italian Journal of Mammalogy,03941914,http://creativecommons.org/licenses/by-nc/3.0/legalcode
IARTEM e-journal,18372104,http://creativecommons.org/licenses/by-nc/3.0/legalcode
Iheringia. Série Zoologia,00734721,http://creativecommons.org/licenses/by-nc/3.0/legalcode
Image Analysis and Stereology,15803139,http://creativecommons.org/licenses/by-nc/3.0/legalcode
Infectious Disease Reports,20367430,http://creativecommons.org/licenses/by-nc/3.0/legalcode
Informes de la Construccion,00200883,http://creativecommons.org/licenses/by-nc/3.0/legalcode
Inquietude : Revista dos Estudantes de Filosofia da UFG,21774838,http://creativecommons.org/licenses/by-nc/3.0/legalcode
Insciences Journal,1664171X,http://creativecommons.org/licenses/by-nc/3.0/legalcode
Insecta Mundi,07496737,http://creativecommons.org/licenses/by-nc/3.0/legalcode
Intangible Capital,16979818,http://creativecommons.org/licenses/by-nc/3.0/legalcode
International Brazilian Journal of Urology,16775538,http://creativecommons.org/licenses/by-nc/3.0/legalcode
International Business and Management,1923841X,http://creativecommons.org/licenses/by-nc/3.0/legalcode
International Journal of Advanced Information Technology  ,22311920,http://creativecommons.org/licenses/by-nc/3.0/legalcode
International Journal of Advanced Research In Computer Science and Software Engineering,22776451,http://creativecommons.org/licenses/by-nc/3.0/legalcode
International Journal of Advancements in Technology,09764860,http://creativecommons.org/licenses/by-nc/3.0/legalcode
International Journal of Agricultural and Biological Engineering,19346344,http://creativecommons.org/licenses/by-nc/3.0/legalcode
International Journal of Biochemistry and Molecular Biology,21524114,http://creativecommons.org/licenses/by-nc/3.0/legalcode
International Journal of Burns and Trauma ,21602026,http://creativecommons.org/licenses/by-nc/3.0/legalcode
"International Journal of Computer Science, Engineering and Applications (IJCSEA)",22310088,http://creativecommons.org/licenses/by-nc/3.0/legalcode
International Journal of Engineering and Advanced Technology,22498958,http://creativecommons.org/licenses/by-nc/3.0/legalcode
International Journal of Hematology-Oncology and Stem Cell Research,20083009,http://creativecommons.org/licenses/by-nc/3.0/legalcode
International Journal of Human Genetics,09723757,http://creativecommons.org/licenses/by-nc/3.0/legalcode
International Journal of Information Technology Convergence and Services (IJITCS),22311939,http://creativecommons.org/licenses/by-nc/3.0/legalcode
International Journal of Occupational and Environmental Medicine,20086520,http://creativecommons.org/licenses/by-nc/3.0/legalcode
International Journal of Occupational Hygiene,20085109,http://creativecommons.org/licenses/by-nc/3.0/legalcode
International Journal of Open Problems in Computer Science and Mathematics,19986262,http://creativecommons.org/licenses/by-nc/3.0/legalcode
International Journal of Plant Biology,20370156,http://creativecommons.org/licenses/by-nc/3.0/legalcode
International Journal of Public Information Systems,16534360,http://creativecommons.org/licenses/by-nc/3.0/legalcode
International Journal of Research in Ayurveda and Pharmacy,22293566,http://creativecommons.org/licenses/by-nc/3.0/legalcode
International Journal of Research in Pharmacy and Science,22493522,http://creativecommons.org/licenses/by-nc/3.0/legalcode
İnternet Uygulamaları ve Yönetimi Dergisi,13098772,http://creativecommons.org/licenses/by-nc/3.0/legalcode
"In_Bo : Ricerche e Progetti per il Territorio, la Città e l'Architettura",20361602,http://creativecommons.org/licenses/by-nc/3.0/legalcode
Iran Occupational Health,17355133,http://creativecommons.org/licenses/by-nc/3.0/legalcode
"Iranian Journal Of Allergy, Asthma and Immunology",17351502,http://creativecommons.org/licenses/by-nc/3.0/legalcode
Iranian Journal of Arthropod-Borne Diseases ,17357179,http://creativecommons.org/licenses/by-nc/3.0/legalcode
Iranian Journal of Environmental Health Science &amp; Engineering,17351979,http://creativecommons.org/licenses/by-nc/3.0/legalcode
Iranian Journal of Health and Environment,20082029,http://creativecommons.org/licenses/by-nc/3.0/legalcode
Iranian Journal of Medical Hypotheses &amp; Ideas,17359104,http://creativecommons.org/licenses/by-nc/3.0/legalcode
Iranian Journal of Microbiology,20083289,http://creativecommons.org/licenses/by-nc/3.0/legalcode
Iranian Journal of Nuclear Medicine,16812824,http://creativecommons.org/licenses/by-nc/3.0/legalcode
Iranian Journal of Parasitology  ,17357020,http://creativecommons.org/licenses/by-nc/3.0/legalcode
Iranian Journal of Pediatrics,10184406,http://creativecommons.org/licenses/by-nc/3.0/legalcode
Iranian Journal of Pediatrics,20082142,http://creativecommons.org/licenses/by-nc/3.0/legalcode
Iranian Journal of Pharmacology and Therapeutics,17352657,http://creativecommons.org/licenses/by-nc/3.0/legalcode
Iranian Journal of Psychiatry,17354587,http://creativecommons.org/licenses/by-nc/3.0/legalcode
Iranian Journal of Psychiatry and Clinical Psychology,17354315,http://creativecommons.org/licenses/by-nc/3.0/legalcode
Iranian Journal of Public  Health,22516085,http://creativecommons.org/licenses/by-nc/3.0/legalcode
Iranian Journal of Radiology,17351065,http://creativecommons.org/licenses/by-nc/3.0/legalcode
Isegoría,11302097,http://creativecommons.org/licenses/by-nc/3.0/legalcode
Íslenska Thjodfélagid,1670875X,http://creativecommons.org/licenses/by-nc/3.0/legalcode
Italian Journal of Agronomy,11254718,http://creativecommons.org/licenses/by-nc/3.0/legalcode
Italian Journal of Animal Science,15944077,http://creativecommons.org/licenses/by-nc/3.0/legalcode
Jornal Brasileiro de Nefrologia ,01012800,http://creativecommons.org/licenses/by-nc/3.0/legalcode
Jornal Brasileiro de Patologia e Medicina Laboratorial,16762444,http://creativecommons.org/licenses/by-nc/3.0/legalcode
Jornal Brasileiro de Pneumologia,18063713,http://creativecommons.org/licenses/by-nc/3.0/legalcode
Jornal Brasileiro de Psiquiatria,00472085,http://creativecommons.org/licenses/by-nc/3.0/legalcode
Jornal de Pediatria,00217557,http://creativecommons.org/licenses/by-nc/3.0/legalcode
Jornal Vascular Brasileiro,16775449,http://creativecommons.org/licenses/by-nc/3.0/legalcode
Journal of Aesthetics &amp; Culture,20004214,http://creativecommons.org/licenses/by-nc/3.0/legalcode
Journal of Applied Oral Science,16787757,http://creativecommons.org/licenses/by-nc/3.0/legalcode
Journal of Applied Research and Technology,16656423,http://creativecommons.org/licenses/by-nc/3.0/legalcode
Journal of Choice Modelling,17555345,http://creativecommons.org/licenses/by-nc/3.0/legalcode
Journal of Community Hospital Internal Medicine Perspectives,20009666,http://creativecommons.org/licenses/by-nc/3.0/legalcode
Journal of Dental Medicine,1024641X,http://creativecommons.org/licenses/by-nc/3.0/legalcode
Journal of Dentistry of Tehran University of Medical Sciences ,20082185,http://creativecommons.org/licenses/by-nc/3.0/legalcode
Journal of Engineering and Applied Sciences,18196608,http://creativecommons.org/licenses/by-nc/3.0/legalcode
Journal of Engineering Science and Technology Review,17912377,http://creativecommons.org/licenses/by-nc/3.0/legalcode
Journal of Experimental and Integrative Medicine,13094572,http://creativecommons.org/licenses/by-nc/3.0/legalcode
Journal of Family and Reproductive Health ,17358949,http://creativecommons.org/licenses/by-nc/3.0/legalcode
Journal of Financial Therapy,19457774,http://creativecommons.org/licenses/by-nc/3.0/legalcode
Journal of FisheriesSciences.com,1307234X,http://creativecommons.org/licenses/by-nc/3.0/legalcode
Journal of Human Ecology,09709274,http://creativecommons.org/licenses/by-nc/3.0/legalcode
Journal of Industrial Engineering and Management,20130953,http://creativecommons.org/licenses/by-nc/3.0/legalcode
Journal of Legal Analysis,21617201,http://creativecommons.org/licenses/by-nc/3.0/legalcode
Journal of Limnology,11295767,http://creativecommons.org/licenses/by-nc/3.0/legalcode
Journal of Medical Ethics and History of Medicine,20080387,http://creativecommons.org/licenses/by-nc/3.0/legalcode
"Journal of Microwaves, Optoelectronics and Electromagnetic Applications",21791074,http://creativecommons.org/licenses/by-nc/3.0/legalcode
Journal of Nucleic Acids Investigation,20367996,http://creativecommons.org/licenses/by-nc/3.0/legalcode
Journal of Oral Microbiology,20002297,http://creativecommons.org/licenses/by-nc/3.0/legalcode
Journal of Orthopaedics and Traumatology,15909921,http://creativecommons.org/licenses/by-nc/3.0/legalcode
Journal of Pakistan Medical Students ,22222332,http://creativecommons.org/licenses/by-nc/3.0/legalcode
Journal of Public Health in Africa,20389922,http://creativecommons.org/licenses/by-nc/3.0/legalcode
Journal of Public Health Research,22799028,http://creativecommons.org/licenses/by-nc/3.0/legalcode
Journal of School of Public Health and Institute of Public Health Research,17357586,http://creativecommons.org/licenses/by-nc/3.0/legalcode
Journal of Social Sciences,09718923,http://creativecommons.org/licenses/by-nc/3.0/legalcode
Journal of Systems Integration,18042724,http://creativecommons.org/licenses/by-nc/3.0/legalcode
Journal of Technology Management &amp; Innovation,07182724,http://creativecommons.org/licenses/by-nc/3.0/legalcode
Journal of Tehran Heart Center,17355370,http://creativecommons.org/licenses/by-nc/3.0/legalcode
Journal of Tehran University Heart Center,17358620,http://creativecommons.org/licenses/by-nc/3.0/legalcode
Journal of the Brazilian Society of Mechanical Sciences and Engineering,16785878,http://creativecommons.org/licenses/by-nc/3.0/legalcode
Journal of Venom Research,20440324,http://creativecommons.org/licenses/by-nc/3.0/legalcode
Journal of Venomous Animals and Toxins,01047930,http://creativecommons.org/licenses/by-nc/3.0/legalcode
Journal of Venomous Animals and Toxins including Tropical Diseases,16789199,http://creativecommons.org/licenses/by-nc/3.0/legalcode
Journal of Xenobiotics,20394705,http://creativecommons.org/licenses/by-nc/3.0/legalcode
Journal of Ziya Gokalp Faculty of Education ,13050060,http://creativecommons.org/licenses/by-nc/3.0/legalcode
Jurnal Manajemen dan Kewirausahaan,14111438,http://creativecommons.org/licenses/by-nc/3.0/legalcode
Kriterion,0100512X,http://creativecommons.org/licenses/by-nc/3.0/legalcode
Lua Nova : Revista de Cultura e Política,01026445,http://creativecommons.org/licenses/by-nc/3.0/legalcode
MalaCo,17783941,http://creativecommons.org/licenses/by-nc/3.0/legalcode
Mana,01049313,http://creativecommons.org/licenses/by-nc/3.0/legalcode
Management Science and Engineering,19130341,http://creativecommons.org/licenses/by-nc/3.0/legalcode
Materiales de Construccion,04652746,http://creativecommons.org/licenses/by-nc/3.0/legalcode
Materials Research,15161439,http://creativecommons.org/licenses/by-nc/3.0/legalcode
Mechanical Circulatory Support,20006993,http://creativecommons.org/licenses/by-nc/3.0/legalcode
Medical Education Development,20389531,http://creativecommons.org/licenses/by-nc/3.0/legalcode
Medical Journal of the Islamic Republic of Iran,10161430,http://creativecommons.org/licenses/by-nc/3.0/legalcode
Memórias do Instituto Oswaldo Cruz.,00740276,http://creativecommons.org/licenses/by-nc/3.0/legalcode
Mental Illness ,20367457,http://creativecommons.org/licenses/by-nc/3.0/legalcode
Microbiology Research ,20367473,http://creativecommons.org/licenses/by-nc/3.0/legalcode
Modern Rehabilitation,20082576,http://creativecommons.org/licenses/by-nc/3.0/legalcode
Motricidade ,1646107X,http://creativecommons.org/licenses/by-nc/3.0/legalcode
Nau Literaria : Crítica e Teoria de Literaturas em Língua Portuguesa,19814526,http://creativecommons.org/licenses/by-nc/3.0/legalcode
Neftegazovaâ Geologiâ : Teoriâ i Praktika ,20705379,http://creativecommons.org/licenses/by-nc/3.0/legalcode
Neotropical Entomology,1519566X,http://creativecommons.org/licenses/by-nc/3.0/legalcode
Neotropical Ichthyology,16796225,http://creativecommons.org/licenses/by-nc/3.0/legalcode
Nephrology Reviews,20358261,http://creativecommons.org/licenses/by-nc/3.0/legalcode
Neurology International,20358385,http://creativecommons.org/licenses/by-nc/3.0/legalcode
Nöropsikiyatri Arşivi,13000667,http://creativecommons.org/licenses/by-nc/3.0/legalcode
Novos Estudos Cebrap,01013300,http://creativecommons.org/licenses/by-nc/3.0/legalcode
Nuclear Physics and Atomic Energy,1818331X,http://creativecommons.org/licenses/by-nc/3.0/legalcode
Numeracy,19364660,http://creativecommons.org/licenses/by-nc/3.0/legalcode
Nursing Reports,2039439X,http://creativecommons.org/licenses/by-nc/3.0/legalcode
On the W@terfront,11397365,http://creativecommons.org/licenses/by-nc/3.0/legalcode
Open Colloid Science Journal ,18765300,http://creativecommons.org/licenses/by-nc/3.0/legalcode
Open Conference Proceedings Journal ,22102892,http://creativecommons.org/licenses/by-nc/3.0/legalcode
Open Entomology Journal,18744079,http://creativecommons.org/licenses/by-nc/3.0/legalcode
Open Geography Journal ,18749232,http://creativecommons.org/licenses/by-nc/3.0/legalcode
Open Heart Failure Journal,18765351,http://creativecommons.org/licenses/by-nc/3.0/legalcode
Open Journal of Hematology,2075907X,http://creativecommons.org/licenses/by-nc/3.0/legalcode
Open Neurosurgery Journal,18765297,http://creativecommons.org/licenses/by-nc/3.0/legalcode
Open Numerical Methods Journal,18763898,http://creativecommons.org/licenses/by-nc/3.0/legalcode
"Open Pacing, Electrophysiology and Therapy Journal",1876536X,http://creativecommons.org/licenses/by-nc/3.0/legalcode
Open Spine Journal,18765327,http://creativecommons.org/licenses/by-nc/3.0/legalcode
Open Women's Health Journal,18742912,http://creativecommons.org/licenses/by-nc/3.0/legalcode
Opinião Pública,01046276,http://creativecommons.org/licenses/by-nc/3.0/legalcode
OPSIS : Revista do Departamento de História e Ciências Sociais,15193276,http://creativecommons.org/licenses/by-nc/3.0/legalcode
Opuscula Mathematica,12329274,http://creativecommons.org/licenses/by-nc/3.0/legalcode
Organizações &amp;  Sociedade,1413585X,http://creativecommons.org/licenses/by-nc/3.0/legalcode
Orthopedic Reviews,20358237,http://creativecommons.org/licenses/by-nc/3.0/legalcode
Paidéia (Ribeirão Preto),0103863X,http://creativecommons.org/licenses/by-nc/3.0/legalcode
Papéis avulsos de zoologia.,00311049,http://creativecommons.org/licenses/by-nc/3.0/legalcode
Payavard Salamat,17358132,http://creativecommons.org/licenses/by-nc/3.0/legalcode
Pediatric Reports,2036749X,http://creativecommons.org/licenses/by-nc/3.0/legalcode
Pesquisa Agropecuária Brasileira,0100204X,http://creativecommons.org/licenses/by-nc/3.0/legalcode
Pesquisa Operacional,01017438,http://creativecommons.org/licenses/by-nc/3.0/legalcode
Pesquisa Veterinária Brasileira,0100736X,http://creativecommons.org/licenses/by-nc/3.0/legalcode
PHYSIS,01037331,http://creativecommons.org/licenses/by-nc/3.0/legalcode
Pirineos : Revista de Ecología de Montaña,03732568,http://creativecommons.org/licenses/by-nc/3.0/legalcode
Planta Daninha,01008358,http://creativecommons.org/licenses/by-nc/3.0/legalcode
Polar Research,08000395,http://creativecommons.org/licenses/by-nc/3.0/legalcode
Potravinarstvo : Scientific Journal for Food Industry,13380230,http://creativecommons.org/licenses/by-nc/3.0/legalcode
Pró-Fono,01045687,http://creativecommons.org/licenses/by-nc/3.0/legalcode
Pro-Posições,01037307,http://creativecommons.org/licenses/by-nc/3.0/legalcode
Problemata : International Journal of Philosophy,15169219,http://creativecommons.org/licenses/by-nc/3.0/legalcode
Proceedings of the Estonian Academy of Sciences. Geology = Teaduste Akadeemia toimetised.,14060132,http://creativecommons.org/licenses/by-nc/3.0/legalcode
"Proceedings of the Japan Academy, Series B Physical and Biological Sciences",03862208,http://creativecommons.org/licenses/by-nc/3.0/legalcode
Produção,01036513,http://creativecommons.org/licenses/by-nc/3.0/legalcode
Progress in Applied Mathematics,1925251X,http://creativecommons.org/licenses/by-nc/3.0/legalcode
"Proyecto, Progreso, Arquitectura",21716897,http://creativecommons.org/licenses/by-nc/3.0/legalcode
Psicologia &amp; Sociedade,01027182,http://creativecommons.org/licenses/by-nc/3.0/legalcode
Psicologia : Reflexão e Crítica,01027972,http://creativecommons.org/licenses/by-nc/3.0/legalcode
Psicologia em Estudo,14137372,http://creativecommons.org/licenses/by-nc/3.0/legalcode
Psicologia USP ,01036564,http://creativecommons.org/licenses/by-nc/3.0/legalcode
Psicologia: Teoria e Pesquisa,01023772,http://creativecommons.org/licenses/by-nc/3.0/legalcode
Qom University of Medical Sciences Journal ,17357799,http://creativecommons.org/licenses/by-nc/3.0/legalcode
Química Nova,01004042,http://creativecommons.org/licenses/by-nc/3.0/legalcode
Radiologia Brasileira,01003984,http://creativecommons.org/licenses/by-nc/3.0/legalcode
Rare Tumors,20363603,http://creativecommons.org/licenses/by-nc/3.0/legalcode
REDES : Revista Hispana para el Análisis de Redes Sociales,15790185,http://creativecommons.org/licenses/by-nc/3.0/legalcode
Religião e Sociedade,01008587,http://creativecommons.org/licenses/by-nc/3.0/legalcode
Rem : Revista Escola de Minas,03704467,http://creativecommons.org/licenses/by-nc/3.0/legalcode
Review of Economic Analysis,19733909,http://creativecommons.org/licenses/by-nc/3.0/legalcode
Revista Acadêmica : Ciências Agrárias e Ambientais,0103989X,http://creativecommons.org/licenses/by-nc/3.0/legalcode
Revista ACB,14140594,http://creativecommons.org/licenses/by-nc/3.0/legalcode
Revista Argentina de Antropología Biológica,15147991,http://creativecommons.org/licenses/by-nc/3.0/legalcode
Revista Argentina de Historiografía Lingüística ,18521495,http://creativecommons.org/licenses/by-nc/3.0/legalcode
Revista Árvore,01006762,http://creativecommons.org/licenses/by-nc/3.0/legalcode
Revista Brasileira de Botânica,01008404,http://creativecommons.org/licenses/by-nc/3.0/legalcode
Revista Brasileira de Ciência do Solo,01000683,http://creativecommons.org/licenses/by-nc/3.0/legalcode
Revista Brasileira de Ciências Farmacêuticas,15169332,http://creativecommons.org/licenses/by-nc/3.0/legalcode
Revista Brasileira de Ciências Sociais,01026909,http://creativecommons.org/licenses/by-nc/3.0/legalcode
Revista Brasileira de Cirurgia Cardiovascular,01027638,http://creativecommons.org/licenses/by-nc/3.0/legalcode
Revista Brasileira de Economia,00347140,http://creativecommons.org/licenses/by-nc/3.0/legalcode
Revista Brasileira de Enfermagem,00347167,http://creativecommons.org/licenses/by-nc/3.0/legalcode
Revista Brasileira de Engenharia Agrícola e Ambiental - Agriambi,14154366,http://creativecommons.org/licenses/by-nc/3.0/legalcode
Revista Brasileira de Entomologia,00855626,http://creativecommons.org/licenses/by-nc/3.0/legalcode
Revista Brasileira de Estudos de População,01023098,http://creativecommons.org/licenses/by-nc/3.0/legalcode
Revista Brasileira de Farmacognosia,0102695X,http://creativecommons.org/licenses/by-nc/3.0/legalcode
Revista Brasileira de Fisioterapia,14133555,http://creativecommons.org/licenses/by-nc/3.0/legalcode
Revista Brasileira de Fruticultura,01002945,http://creativecommons.org/licenses/by-nc/3.0/legalcode
Revista Brasileira de Geofísica ,0102261X,http://creativecommons.org/licenses/by-nc/3.0/legalcode
Revista Brasileira de Ginecologia e Obstetrícia,01007203,http://creativecommons.org/licenses/by-nc/3.0/legalcode
Revista Brasileira de Hematologia e Hemoterapia,15168484,http://creativecommons.org/licenses/by-nc/3.0/legalcode
Revista Brasileira de História,01020188,http://creativecommons.org/licenses/by-nc/3.0/legalcode
Revista Brasileira de Medicina de Família e Comunidade,18095909,http://creativecommons.org/licenses/by-nc/3.0/legalcode
Revista Brasileira de Medicina do Esporte,15178692,http://creativecommons.org/licenses/by-nc/3.0/legalcode
Revista Brasileira de Meteorologia,01027786,http://creativecommons.org/licenses/by-nc/3.0/legalcode
Revista Brasileira de Oftalmologia,00347280,http://creativecommons.org/licenses/by-nc/3.0/legalcode
Revista Brasileira de Ortopedia,01023616,http://creativecommons.org/licenses/by-nc/3.0/legalcode
Revista Brasileira de Política Internacional,00347329,http://creativecommons.org/licenses/by-nc/3.0/legalcode
Revista Brasileira de Reumatologia,04825004,http://creativecommons.org/licenses/by-nc/3.0/legalcode
Revista Brasileira de Saúde Materno Infantil,15193829,http://creativecommons.org/licenses/by-nc/3.0/legalcode
Revista Brasileira de Sementes,01013122,http://creativecommons.org/licenses/by-nc/3.0/legalcode
Revista brasileira de terapia intensiva ,0103507X,http://creativecommons.org/licenses/by-nc/3.0/legalcode
Revista Brasileira de Terapias e Saúde,21779910,http://creativecommons.org/licenses/by-nc/3.0/legalcode
Revista Brasileira de Zoologia,01018175,http://creativecommons.org/licenses/by-nc/3.0/legalcode
Revista Brasileira de Zootecnia,15163598,http://creativecommons.org/licenses/by-nc/3.0/legalcode
Revista Brasilera de Coloproctologia,01019880,http://creativecommons.org/licenses/by-nc/3.0/legalcode
Revista CEFAC,15161846,http://creativecommons.org/licenses/by-nc/3.0/legalcode
Revista Ciência em Extensão,16794605,http://creativecommons.org/licenses/by-nc/3.0/legalcode
Revista Contabilidade &amp; Finanças,15197077,http://creativecommons.org/licenses/by-nc/3.0/legalcode
Revista da Educação Física/UEM,01033948,http://creativecommons.org/licenses/by-nc/3.0/legalcode
Revista da Escola de Enfermagem da USP,00806234,http://creativecommons.org/licenses/by-nc/3.0/legalcode
Revista da Sociedade Brasileira de Fonoaudiologia,15168034,http://creativecommons.org/licenses/by-nc/3.0/legalcode
Revista da Sociedade Brasileira de Medicina Tropical,00378682,http://creativecommons.org/licenses/by-nc/3.0/legalcode
Revista de Administração Pública,00347612,http://creativecommons.org/licenses/by-nc/3.0/legalcode
Revista de Climatología,15788768,http://creativecommons.org/licenses/by-nc/3.0/legalcode
Revista de Dialectología y Tradiciones Populares,00347981,http://creativecommons.org/licenses/by-nc/3.0/legalcode
Revista de Economia e Sociologia Rural,01032003,http://creativecommons.org/licenses/by-nc/3.0/legalcode
Revista de Economia Política,01013157,http://creativecommons.org/licenses/by-nc/3.0/legalcode
"Revista de Educação, Ciência e Cultura",14137321,http://creativecommons.org/licenses/by-nc/3.0/legalcode
Revista de Gestão e Secretariado,21789010,http://creativecommons.org/licenses/by-nc/3.0/legalcode
Revista de Indias,00348341,http://creativecommons.org/licenses/by-nc/3.0/legalcode
Revista de Metalurgia,00348570,http://creativecommons.org/licenses/by-nc/3.0/legalcode
Revista de Nutrição,14155273,http://creativecommons.org/licenses/by-nc/3.0/legalcode
Revista de Psiquiatria Clínica,01016083,http://creativecommons.org/licenses/by-nc/3.0/legalcode
Revista de Psiquiatria do Rio Grande do Sul,01018108,http://creativecommons.org/licenses/by-nc/3.0/legalcode
Revista de Saúde Pública,00348910,http://creativecommons.org/licenses/by-nc/3.0/legalcode
Revista de Sociologia e Política,01044478,http://creativecommons.org/licenses/by-nc/3.0/legalcode
Revista Dental Press de Ortodontia e Ortopedia Facial ,14155419,http://creativecommons.org/licenses/by-nc/3.0/legalcode
Revista do Colégio Brasileiro de Cirurgiões,01006991,http://creativecommons.org/licenses/by-nc/3.0/legalcode
Revista do Departamento de Geografia,22362878,http://creativecommons.org/licenses/by-nc/3.0/legalcode
Revista do Instituto de Medicina Tropical de São Paulo,00364665,http://creativecommons.org/licenses/by-nc/3.0/legalcode
Revista Educ@rnos,20071930,http://creativecommons.org/licenses/by-nc/3.0/legalcode
Revista Eletrônica de Farmácia,18080804,http://creativecommons.org/licenses/by-nc/3.0/legalcode
Revista Eletrônica de Sistemas de Informação,16773071,http://creativecommons.org/licenses/by-nc/3.0/legalcode
Revista Engenharia na Agricultura,14143984,http://creativecommons.org/licenses/by-nc/3.0/legalcode
Revista Española de Documentación Científica,02100614,http://creativecommons.org/licenses/by-nc/3.0/legalcode
Revista Estudos Feministas,0104026X,http://creativecommons.org/licenses/by-nc/3.0/legalcode
Revista Filosofia Capital,19826613,http://creativecommons.org/licenses/by-nc/3.0/legalcode
Revista Gaúcha de Enfermagem ,01026933,http://creativecommons.org/licenses/by-nc/3.0/legalcode
Revista Ibero-Americana de Estratégia,21760756,http://creativecommons.org/licenses/by-nc/3.0/legalcode
Revista Índice,21756244,http://creativecommons.org/licenses/by-nc/3.0/legalcode
Revista Inspirar : Movimento e Saúde,2175537X,http://creativecommons.org/licenses/by-nc/3.0/legalcode
Revista Internacional de Sociologia,00349712,http://creativecommons.org/licenses/by-nc/3.0/legalcode
Revista Katálysis,14144980,http://creativecommons.org/licenses/by-nc/3.0/legalcode
Revista Latino-Americana de Enfermagem,01041169,http://creativecommons.org/licenses/by-nc/3.0/legalcode
Revista Latinoamericana de Psicopatologia Fundamental,14154714,http://creativecommons.org/licenses/by-nc/3.0/legalcode
Revista Paulista de Pediatria,01030582,http://creativecommons.org/licenses/by-nc/3.0/legalcode
Revista Perspectiva Geográfica,01233769,http://creativecommons.org/licenses/by-nc/3.0/legalcode
Revista Pueblos y Fronteras Digital,18704115,http://creativecommons.org/licenses/by-nc/3.0/legalcode
Revista Trías,21790604,http://creativecommons.org/licenses/by-nc/3.0/legalcode
Revista Umbral,21518386,http://creativecommons.org/licenses/by-nc/3.0/legalcode
Rheumatology Reports,20367511,http://creativecommons.org/licenses/by-nc/3.0/legalcode
Romanian Medical Reviews &amp; Research,22473254,http://creativecommons.org/licenses/by-nc/3.0/legalcode
Rosa dos Ventos,21789061,http://creativecommons.org/licenses/by-nc/3.0/legalcode
Sankofa : Revista de História da África e de Estudos da Diáspora Africana,19836023,http://creativecommons.org/licenses/by-nc/3.0/legalcode
Saúde e Sociedade,01041290,http://creativecommons.org/licenses/by-nc/3.0/legalcode
SBA : Controle &amp; Automação Sociedade Brasileira de Automatica,01031759,http://creativecommons.org/licenses/by-nc/3.0/legalcode
Scientia Agricola,01039016,http://creativecommons.org/licenses/by-nc/3.0/legalcode
Scientific Bulletin : Economic Sciences,15831809,http://creativecommons.org/licenses/by-nc/3.0/legalcode
Sefarad : Revista de Estudios Hebraicos y Sefardíes,00370894,http://creativecommons.org/licenses/by-nc/3.0/legalcode
Semantics and Pragmatics,19378912,http://creativecommons.org/licenses/by-nc/3.0/legalcode
Signótica,01037250,http://creativecommons.org/licenses/by-nc/3.0/legalcode
Sociedade e Estado,01026992,http://creativecommons.org/licenses/by-nc/3.0/legalcode
Sociología y Tecnociencia,19898487,http://creativecommons.org/licenses/by-nc/3.0/legalcode
Sociologias,15174522,http://creativecommons.org/licenses/by-nc/3.0/legalcode
Soldagem &amp; Inspeção,01049224,http://creativecommons.org/licenses/by-nc/3.0/legalcode
South African Journal of Radiology,1027202X,http://creativecommons.org/licenses/by-nc/3.0/legalcode
South African Journal of Surgery,00382361,http://creativecommons.org/licenses/by-nc/3.0/legalcode
South African Medical Journal,02569574,http://creativecommons.org/licenses/by-nc/3.0/legalcode
Stem Cell Studies,20389558,http://creativecommons.org/licenses/by-nc/3.0/legalcode
Studia Humanistyczne AGH,17322189,http://creativecommons.org/licenses/by-nc/3.0/legalcode
Studies in Literature and Language ,19231555,http://creativecommons.org/licenses/by-nc/3.0/legalcode
Studies in Mathematical Sciences,19238444,http://creativecommons.org/licenses/by-nc/3.0/legalcode
Studies in Sociology of Science,19230176,http://creativecommons.org/licenses/by-nc/3.0/legalcode
Studies of Tribes and Tribals,0972639X,http://creativecommons.org/licenses/by-nc/3.0/legalcode
Studies on Ethno-Medicine,09735070,http://creativecommons.org/licenses/by-nc/3.0/legalcode
Studies on Home and Community Science,09737189,http://creativecommons.org/licenses/by-nc/3.0/legalcode
Summa Phytopathologica,01005405,http://creativecommons.org/licenses/by-nc/3.0/legalcode
Systémová Integrace,12109479,http://creativecommons.org/licenses/by-nc/3.0/legalcode
Tehran University Medical Journal,16831764,http://creativecommons.org/licenses/by-nc/3.0/legalcode
Tellus A,02806495,http://creativecommons.org/licenses/by-nc/3.0/legalcode
Tellus B,02806509,http://creativecommons.org/licenses/by-nc/3.0/legalcode
Tempo,14137704,http://creativecommons.org/licenses/by-nc/3.0/legalcode
Tempo Social,01032070,http://creativecommons.org/licenses/by-nc/3.0/legalcode
The Bonefolder : an e-Journal for the Bookbinder and Book Artist,15556565,http://creativecommons.org/licenses/by-nc/3.0/legalcode
Theoretical Economics,19336837,http://creativecommons.org/licenses/by-nc/3.0/legalcode
Trabajos de Prehistoria,00825638,http://creativecommons.org/licenses/by-nc/3.0/legalcode
Trabalhos em Lingüística Aplicada,01031813,http://creativecommons.org/licenses/by-nc/3.0/legalcode
Trans/Form/Ação,01013173,http://creativecommons.org/licenses/by-nc/3.0/legalcode
Transactions on Electrical and Electronic Materials,12297607,http://creativecommons.org/licenses/by-nc/3.0/legalcode
Transcultural Studies ,21916411,http://creativecommons.org/licenses/by-nc/3.0/legalcode
Translation and Interpreting : the International Journal of Translation and Interpreting Research,18369324,http://creativecommons.org/licenses/by-nc/3.0/legalcode
Trends in Evolutionary Biology ,20362641,http://creativecommons.org/licenses/by-nc/3.0/legalcode
Tropical Plant Pathology,19825676,http://creativecommons.org/licenses/by-nc/3.0/legalcode
Türk Hijyen ve Deneysel Biyoloji Dergisi,03779777,http://creativecommons.org/licenses/by-nc/3.0/legalcode
Turk Pediatri Arşivi,13060015,http://creativecommons.org/licenses/by-nc/3.0/legalcode
Turkderm,1019214X,http://creativecommons.org/licenses/by-nc/3.0/legalcode
Turkish Journal of Endocrinology and Metabolism,13012193,http://creativecommons.org/licenses/by-nc/3.0/legalcode
Türkiye Fiziksel Tip ve Rehabilitasyon Dergisi,13020234,http://creativecommons.org/licenses/by-nc/3.0/legalcode
Universidad y Sociedad,22183620,http://creativecommons.org/licenses/by-nc/3.0/legalcode
Urogynaecologia International Journal,11213086,http://creativecommons.org/licenses/by-nc/3.0/legalcode
Varia História,01048775,http://creativecommons.org/licenses/by-nc/3.0/legalcode
Veterinary Science Development,20389698,http://creativecommons.org/licenses/by-nc/3.0/legalcode
Veterinary World,09728988,http://creativecommons.org/licenses/by-nc/3.0/legalcode
Via Litterae,21766800,http://creativecommons.org/licenses/by-nc/3.0/legalcode
Western Journal of Emergency Medicine,1936900X,http://creativecommons.org/licenses/by-nc/3.0/legalcode
Zahedan Journal of Research in Medical Sciences,22286403,http://creativecommons.org/licenses/by-nc/3.0/legalcode
